Id;Title;Section;IsHorizontal
00;Panini Logo;We Are Panini;true
FWC1;Official Emblem;FIFA World Cup 2026;true
FWC2;Official Emblem;FIFA World Cup 2026;true
FWC3;Official Mascots;FIFA World Cup 2026;true
FWC4;Official Slogan;FIFA World Cup 2026;false
FWC5;Official Ball;FIFA World Cup 2026;false
FWC6;Canada;Host Countries and Cities;false
FWC7;Mexico;Host Countries and Cities;false
FWC8;USA;Host Countries and Cities;false
MEX1;Emblem;Mexico;false
MEX2;Luis Malagón;Mexico;false
MEX3;Johan Vasquez;Mexico;false
MEX4;Jorge Sánchez;Mexico;false
MEX5;Cesar Montes;Mexico;false
MEX6;Jesus Gallardo;Mexico;false
MEX7;Israel Reyes;Mexico;false
MEX8;Diego Lainez;Mexico;false
MEX9;Carlos Rodriguez;Mexico;false
MEX10;Edson Alvarez;Mexico;false
MEX11;Orbelin Pineda;Mexico;false
MEX12;Marcel Ruiz;Mexico;false
MEX13;Team Photo;Mexico;true
MEX14;Érick Sánchez;Mexico;false
MEX15;Hirving Lozano;Mexico;false
MEX16;Santiago Giménez;Mexico;false
MEX17;Raúl Jiménez;Mexico;false
MEX18;Alexis Vega;Mexico;false
MEX19;Roberto Alvarado;Mexico;false
MEX20;Cesar Huerta;Mexico;false
RSA1;Emblem;South Africa;false
RSA2;Ronwen Williams;South Africa;false
RSA3;Sipho Chaine;South Africa;false
RSA4;Aubrey Modiba;South Africa;false
RSA5;Samukele Kabini;South Africa;false
RSA6;Mbekezeli Mbokazi;South Africa;false
RSA7;Khulumani Ndamane;South Africa;false
RSA8;Siyabonga Ngezana;South Africa;false
RSA9;Khuliso Mudau;South Africa;false
RSA10;Nkosinathi Sibisi;South Africa;false
RSA11;Teboho Mokoena;South Africa;false
RSA12;Thalente Mbatha;South Africa;false
RSA13;Team Photo;South Africa;true
RSA14;Bathasi Aubaas;South Africa;false
RSA15;Yaya Sithole;South Africa;false
RSA16;Sipho Mbule;South Africa;false
RSA17;Lyle Foster;South Africa;false
RSA18;Iqraam Rayners;South Africa;false
RSA19;Mohau Nkota;South Africa;false
RSA20;Oswin Appollis;South Africa;false
KOR1;Emblem;South Korea;false
KOR2;Hyeon-woo Jo;South Korea;false
KOR3;Seung-Gyu Kim;South Korea;false
KOR4;Min-jae Kim;South Korea;false
KOR5;Yu-min Cho;South Korea;false
KOR6;Young-woo Seol;South Korea;false
KOR7;Han-beom Lee;South Korea;false
KOR8;Tae-seok Lee;South Korea;false
KOR9;Myung-jae Lee;South Korea;false
KOR10;Jae-sung Lee;South Korea;false
KOR11;In-beom Hwang;South Korea;false
KOR12;Kang-in Lee;South Korea;false
KOR13;Team Photo;South Korea;true
KOR14;Seung-ho Paik;South Korea;false
KOR15;Jens Castrop;South Korea;false
KOR16;Dongg-yeong Lee;South Korea;false
KOR17;Gue-sung Cho;South Korea;false
KOR18;Heung-min Son;South Korea;false
KOR19;Hee-chan Hwang;South Korea;false
KOR20;Hyeon-Gyu Oh;South Korea;false
CZE1;Emblem;Czechia;false
CZE2;Matej Kovar;Czechia;false
CZE3;Jindrich Stanek;Czechia;false
CZE4;Ladislav Krejci;Czechia;false
CZE5;Vladimir Coufal;Czechia;false
CZE6;Jaroslav Zeleny;Czechia;false
CZE7;Tomas Holes;Czechia;false
CZE8;David Zima;Czechia;false
CZE9;Michal Sadilek;Czechia;false
CZE10;Lukas Provod;Czechia;false
CZE11;Lukas Cerv;Czechia;false
CZE12;Tomas Soucek;Czechia;false
CZE13;Team Photo;Czechia;true
CZE14;Pavel Sulc;Czechia;false
CZE15;Matej Vydra;Czechia;false
CZE16;Vasil Kusej;Czechia;false
CZE17;Tomas Chory;Czechia;false
CZE18;Vacilav Cerny;Czechia;false
CZE19;Adam Hlozek;Czechia;false
CZE20;Patrik Schick;Czechia;false
CAN1;Emblem;Canada;false
CAN2;Dayne St.Clair;Canada;false
CAN3;Alphonso Davies;Canada;false
CAN4;Alistair Johnston;Canada;false
CAN5;Samuel Adekugbe;Canada;false
CAN6;Riche Larvea;Canada;false
CAN7;Derek Cornelius;Canada;false
CAN8;Moïse Bombito;Canada;false
CAN9;Kamal Miller;Canada;false
CAN10;Stephen Eustáquio;Canada;false
CAN11;Ismaël Koné;Canada;false
CAN12;Jonathan Osorio;Canada;false
CAN13;Team Photo;Canada;true
CAN14;Jacob Shaffelburg;Canada;false
CAN15;Mathieu Choinière;Canada;false
CAN16;Niko Sigur;Canada;false
CAN17;Tajon Buchanan;Canada;false
CAN18;Liam Millar;Canada;false
CAN19;Cyle Larin;Canada;false
CAN20;Jonathan David;Canada;false
BIH1;Emblem;Bosnia and Herzegovina;false
BIH2;Nikola Vasilj;Bosnia and Herzegovina;false
BIH3;Amer Dedic;Bosnia and Herzegovina;false
BIH4;Sead Kolasinac;Bosnia and Herzegovina;false
BIH5;Tarik Muharemovic;Bosnia and Herzegovina;false
BIH6;Nihad Mujakic;Bosnia and Herzegovina;false
BIH7;Nikola Katic;Bosnia and Herzegovina;false
BIH8;Amir Hadziahmetovic;Bosnia and Herzegovina;false
BIH9;Benjamin Tahirovic;Bosnia and Herzegovina;false
BIH10;Armin Gigovic;Bosnia and Herzegovina;false
BIH11;Ivan Sunjic;Bosnia and Herzegovina;false
BIH12;Ivan Basic;Bosnia and Herzegovina;false
BIH13;Team Photo;Bosnia and Herzegovina;true
BIH14;Dzenis Burnic;Bosnia and Herzegovina;false
BIH15;Esmir Bajraktarevic;Bosnia and Herzegovina;false
BIH16;Amar Memic;Bosnia and Herzegovina;false
BIH17;Ermedin Demirovic;Bosnia and Herzegovina;false
BIH18;Edin Dzeko;Bosnia and Herzegovina;false
BIH19;Samed Bazdar;Bosnia and Herzegovina;false
BIH20;Haris Tabakovic;Bosnia and Herzegovina;false
QAT1;Emblem;Qatar;false
QAT2;Meshaal Barsham;Qatar;false
QAT3;Sultan Albrake;Qatar;false
QAT4;Lucas Mendes;Qatar;false
QAT5;Homam Ahmed;Qatar;false
QAT6;Boualem Khoukhi;Qatar;false
QAT7;Pedro Miguel;Qatar;false
QAT8;Tarek Salman;Qatar;false
QAT9;Mohamed Al-Mannai;Qatar;false
QAT10;Karim Boudiaf;Qatar;false
QAT11;Assim Madibo;Qatar;false
QAT12;Ahmed Fatehi;Qatar;false
QAT13;Team Photo;Qatar;true
QAT14;Mohammed Waad;Qatar;false
QAT15;Abdulaziz Hatem;Qatar;false
QAT16;Hassan Al-Haydos;Qatar;false
QAT17;Edmilson Junior;Qatar;false
QAT18;Akram Hassan Afif;Qatar;false
QAT19;Ahmed Al Ganehi;Qatar;false
QAT20;Almoez Ali;Qatar;false
SUI1;Emblem;Switzerland;false
SUI2;Gregor Kobel;Switzerland;false
SUI3;Yvon Mvogo;Switzerland;false
SUI4;Manuel Akanji;Switzerland;false
SUI5;Ricardo Rodriguez;Switzerland;false
SUI6;Nico Elvedi;Switzerland;false
SUI7;Aurèle Amenda;Switzerland;false
SUI8;Silvan Widmer;Switzerland;false
SUI9;Granit Xhaka;Switzerland;false
SUI10;Denis Zakaria;Switzerland;false
SUI11;Remo Freuler;Switzerland;false
SUI12;Fabian Rieder;Switzerland;false
SUI13;Team Photo;Switzerland;true
SUI14;Ardon Jashari;Switzerland;false
SUI15;Johan Manzambi;Switzerland;false
SUI16;Michel Aebischer;Switzerland;false
SUI17;Breel Embolo;Switzerland;false
SUI18;Ruben Vargas;Switzerland;false
SUI19;Dan Ndoye;Switzerland;false
SUI20;Zeki Amdouni;Switzerland;false
BRA1;Emblem;Brazil;false
BRA2;Alisson;Brazil;false
BRA3;Bento;Brazil;false
BRA4;Marquinhos;Brazil;false
BRA5;Éder Militão;Brazil;false
BRA6;Gabriel Magalhães;Brazil;false
BRA7;Danilo;Brazil;false
BRA8;Wesley;Brazil;false
BRA9;Lucas Paquetá;Brazil;false
BRA10;Casemiro;Brazil;false
BRA11;Bruno Guimarães;Brazil;false
BRA12;Luiz Henrique;Brazil;false
BRA13;Team Photo;Brazil;true
BRA14;Vinicius Júnior;Brazil;false
BRA15;Rodrygo;Brazil;false
BRA16;João Pedro;Brazil;false
BRA17;Matheus Cunha;Brazil;false
BRA18;Gabriel Martinelli;Brazil;false
BRA19;Raphinha;Brazil;false
BRA20;Estévão;Brazil;false
MAR1;Emblem;Morocco;false
MAR2;Yassine Bounou;Morocco;false
MAR3;Munir El Kajoui;Morocco;false
MAR4;Achraf Hakimi;Morocco;false
MAR5;Noussair Mazraoui;Morocco;false
MAR6;Nayef Aguerd;Morocco;false
MAR7;Roman Saiss;Morocco;false
MAR8;Jawad El Yamio;Morocco;false
MAR9;Adam Masina;Morocco;false
MAR10;Sofyan Amrabat;Morocco;false
MAR11;Azzedine Ounahi;Morocco;false
MAR12;Eliesse Ben Seghir;Morocco;false
MAR13;Team Photo;Morocco;true
MAR14;Bilal El Khannouss;Morocco;false
MAR15;Ismael Saibari;Morocco;false
MAR16;Youssef En-Nesyri;Morocco;false
MAR17;Abde Ezzalzouli;Morocco;false
MAR18;Soufiane Rahimi;Morocco;false
MAR19;Brahim Diaz;Morocco;false
MAR20;Ayoub El Kaabi;Morocco;false
HAI1;Emblem;Haiti;false
HAI2;Johny Placide;Haiti;false
HAI3;Carlens Arcus;Haiti;false
HAI4;Martin Expérience;Haiti;false
HAI5;Jean-Kevin Duverne;Haiti;false
HAI6;Ricardo Adé;Haiti;false
HAI7;Duke Lacroix;Haiti;false
HAI8;Garven Metusala;Haiti;false
HAI9;Hannes Delcroix;Haiti;false
HAI10;Leverton Pierre;Haiti;false
HAI11;Danley Jean Jacques;Haiti;false
HAI12;Jean-Ricner Bellegarde;Haiti;false
HAI13;Team Photo;Haiti;true
HAI14;Christopher Attys;Haiti;false
HAI15;Derrick Etienne Jr;Haiti;false
HAI16;Josue Casimir;Haiti;false
HAI17;Ruben Providence;Haiti;false
HAI18;Duckens Nazon;Haiti;false
HAI19;Louicius Deedson;Haiti;false
HAI20;Frantzdy Pierrot;Haiti;false
SCO1;Emblem;Scotland;false
SCO2;Angus Gunn;Scotland;false
SCO3;Jack Hendry;Scotland;false
SCO4;Kieran Tierney;Scotland;false
SCO5;Aaron Hickey;Scotland;false
SCO6;Andrew Robertson;Scotland;false
SCO7;Scott McKenna;Scotland;false
SCO8;John Souttar;Scotland;false
SCO9;Anthony Ralston;Scotland;false
SCO10;Grant Hanley;Scotland;false
SCO11;Scott McTominay;Scotland;false
SCO12;Billy Gilmour;Scotland;false
SCO13;Team Photo;Scotland;true
SCO14;Lewis Ferguson;Scotland;false
SCO15;Ryan Christie;Scotland;false
SCO16;Kenny McLean;Scotland;false
SCO17;John McGinn;Scotland;false
SCO18;Lyndon Dykes;Scotland;false
SCO19;Che Adams;Scotland;false
SCO20;Ben Gannon-Doak;Scotland;false
USA1;Emblem;USA;false
USA2;Math Freese;USA;false
USA3;Chris Richards;USA;false
USA4;Tim Ream;USA;false
USA5;Mark McKenzie;USA;false
USA6;Alex Freeman;USA;false
USA7;Antonee Robinson;USA;false
USA8;Tyler Adams;USA;false
USA9;Tanner Tessmann;USA;false
USA10;Weston McKenny;USA;false
USA11;Christian Roldan;USA;false
USA12;Timothy Weah;USA;false
USA13;Team Photo;USA;true
USA14;Diego Luna;USA;false
USA15;Malim Tillman;USA;false
USA16;Christian Pulisic;USA;false
USA17;Brenden Aaronson;USA;false
USA18;Ricardo Pepi;USA;false
USA19;Haji Wright;USA;false
USA20;Folarin Balogun;USA;false
PAR1;Emblem;Paraguay;false
PAR2;Roberto Fernandez;Paraguay;false
PAR3;Orlando Gill;Paraguay;false
PAR4;Gustavo Gomez;Paraguay;false
PAR5;Fabián Balbuena;Paraguay;false
PAR6;Juan José Cáceres;Paraguay;false
PAR7;Omar Alderete;Paraguay;false
PAR8;Junior Alonso;Paraguay;false
PAR9;Mathías Villasanti;Paraguay;false
PAR10;Diego Gomez;Paraguay;false
PAR11;Damián Bobadilla;Paraguay;false
PAR12;Andres Cubas;Paraguay;false
PAR13;Team Photo;Paraguay;true
PAR14;Matias Galarza Fonda;Paraguay;false
PAR15;Julio Enciso;Paraguay;false
PAR16;Alejandro Romero Gamarra;Paraguay;false
PAR17;Miguel Almirón;Paraguay;false
PAR18;Ramon Sosa;Paraguay;false
PAR19;Angel Romero;Paraguay;false
PAR20;Antonio Sanabria;Paraguay;false
AUS1;Emblem;Australia;false
AUS2;Mathew Ryan;Australia;false
AUS3;Joe Gauci;Australia;false
AUS4;Harry Souttar;Australia;false
AUS5;Alessandro Circati;Australia;false
AUS6;Jordan Bos;Australia;false
AUS7;Aziz Behich;Australia;false
AUS8;Cameron Burgess;Australia;false
AUS9;Lewis Miller;Australia;false
AUS10;Milos Degenek;Australia;false
AUS11;Jackson Irvine;Australia;false
AUS12;serge Gnabry;Australia;false
AUS13;Team Photo;Australia;true
AUS14;Aiden O'Neill;Australia;false
AUS15;Connor Metcalfe;Australia;false
AUS16;Patrick Yazbek;Australia;false
AUS17;Craig Goodwin;Australia;false
AUS18;Kusini Vengi;Australia;false
AUS19;Nestory Irankunda;Australia;false
AUS20;Mohamed Touré;Australia;false
TUR1;Emblem;Türkiye;false
TUR2;Ugurcan Cakir;Türkiye;false
TUR3;Mert Muldur;Türkiye;false
TUR4;Zeki Celik;Türkiye;false
TUR5;Abdulkerim Bardakci;Türkiye;false
TUR6;Caglar Soyunku;Türkiye;false
TUR7;Merih Demiral;Türkiye;false
TUR8;Ferdi Kadioglu;Türkiye;false
TUR9;Kaan Ayhan;Türkiye;false
TUR10;Ismail Yuksek;Türkiye;false
TUR11;Hakan Calhanoglu;Türkiye;false
TUR12;Orkun Kokcu;Türkiye;false
TUR13;Team Photo;Türkiye;true
TUR14;Arda Guler;Türkiye;false
TUR15;Irfan Can Kahvecu;Türkiye;false
TUR16;Yunus Akgun;Türkiye;false
TUR17;Can Uzun;Türkiye;false
TUR18;Baris Alper Yilmaz;Türkiye;false
TUR19;Kerem Akturkoglu;Türkiye;false
TUR20;Kenan Yildiz;Türkiye;false
GER1;Emblem;Germany;false
GER2;Marc-André ter Stegen;Germany;false
GER3;Jonathan Tah;Germany;false
GER4;David Raum;Germany;false
GER5;Nico Schlotterbeck;Germany;false
GER6;Antonio Rüdiger;Germany;false
GER7;Waldemar Anton;Germany;false
GER8;Ridle Baku;Germany;false
GER9;Maximilian Mittelstadt;Germany;false
GER10;Joshua Kimmich;Germany;false
GER11;Florian Wirtz;Germany;false
GER12;Felix Nmecha;Germany;false
GER13;Team Photo;Germany;true
GER14;Leon Goretzka;Germany;false
GER15;Jamal Musiala;Germany;false
GER16;Serge Gnabry;Germany;false
GER17;Kai Havertz;Germany;false
GER18;Leroy Sane;Germany;false
GER19;Karim Adeyemi;Germany;false
GER20;Nick Woltemade;Germany;false
CUW1;Emblem;Curaçao;false
CUW2;Eloy Room;Curaçao;false
CUW3;Armando Obispo;Curaçao;false
CUW4;Sherel Floranus;Curaçao;false
CUW5;Jurien Gaari;Curaçao;false
CUW6;Joshua Brenet;Curaçao;false
CUW7;Roshon Van Eijma;Curaçao;false
CUW8;Shurandy Sambo;Curaçao;false
CUW9;Livano Comenencia;Curaçao;false
CUW10;Godfried Roemeratoe;Curaçao;false
CUW11;Juninho Bacuna;Curaçao;false
CUW12;Leandro Bacuna;Curaçao;false
CUW13;Team Photo;Curaçao;true
CUW14;Tahith Chong;Curaçao;false
CUW15;Kenji Gorre;Curaçao;false
CUW16;Jearl Margaritha;Curaçao;false
CUW17;Jurgen Locadia;Curaçao;false
CUW18;Jeremy Antonisse;Curaçao;false
CUW19;Gervane Kastaneer;Curaçao;false
CUW20;Sontje Hansen;Curaçao;false
CIV1;Emblem;Ivory Coast;false
CIV2;Yahia Fofana;Ivory Coast;false
CIV3;Ghislain Konan;Ivory Coast;false
CIV4;Wilfried Singo;Ivory Coast;false
CIV5;Odilon Kossounou;Ivory Coast;false
CIV6;Evan Ndicka;Ivory Coast;false
CIV7;Willy Boly;Ivory Coast;false
CIV8;Emmanuel Agbadou;Ivory Coast;false
CIV9;Ousmane Diomande;Ivory Coast;false
CIV10;Franck Kessie;Ivory Coast;false
CIV11;Seko Fofana;Ivory Coast;false
CIV12;Ibrahim Sangare;Ivory Coast;false
CIV13;Team Photo;Ivory Coast;true
CIV14;Jean-Philippe Gbamin;Ivory Coast;false
CIV15;Amad Diallo;Ivory Coast;false
CIV16;Sébastien Haller;Ivory Coast;false
CIV17;Simon Adingra;Ivory Coast;false
CIV18;Yan Diomande;Ivory Coast;false
CIV19;Evann Guessand;Ivory Coast;false
CIV20;Oumar Diakite;Ivory Coast;false
ECU1;Emblem;Ecuador;false
ECU2;Hernán Galíndez;Ecuador;false
ECU3;Gonzalo Valle;Ecuador;false
ECU4;Piero Hincapié;Ecuador;false
ECU5;Pervis Estupiñán;Ecuador;false
ECU6;Willian Pacho;Ecuador;false
ECU7;Ángelo Preciado;Ecuador;false
ECU8;Joel Ordóñez;Ecuador;false
ECU9;Moises Caicedo;Ecuador;false
ECU10;Alan Franco;Ecuador;false
ECU11;Kendry Paez;Ecuador;false
ECU12;Pedro Vite;Ecuador;false
ECU13;Team Photo;Ecuador;true
ECU14;John Veboah;Ecuador;false
ECU15;Leonardo Campana;Ecuador;false
ECU16;Gonzalo Plata;Ecuador;false
ECU17;Nilson Angulo;Ecuador;false
ECU18;Alan Minda;Ecuador;false
ECU19;Kevin Rodriguez;Ecuador;false
ECU20;Enner Valencia;Ecuador;false
NED1;Emblem;Netherlands;false
NED2;Bart Verbruggen;Netherlands;false
NED3;Virgil Van Dijk;Netherlands;false
NED4;Micky van de Ven;Netherlands;false
NED5;Jurien Timber;Netherlands;false
NED6;Denzel Dumfries;Netherlands;false
NED7;Nathan Aké;Netherlands;false
NED8;Jereme Frimpong;Netherlands;false
NED9;Jan Paul van Hecke;Netherlands;false
NED10;Tijjani Reijnders;Netherlands;false
NED11;Ryan Gravenberch;Netherlands;false
NED12;Teun Koopmeiners;Netherlands;false
NED13;Team Photo;Netherlands;true
NED14;Frenkie de Jong;Netherlands;false
NED15;Xavi Simons;Netherlands;false
NED16;Justin Kluivert;Netherlands;false
NED17;Memphis Depay;Netherlands;false
NED18;Donyell Malen;Netherlands;false
NED19;Wout Weghorst;Netherlands;false
NED20;Cody Gakpo;Netherlands;false
JPN1;Emblem;Japan;false
JPN2;Zion Suzuki;Japan;false
JPN3;Henry Heroki Mochizuki;Japan;false
JPN4;Ayumu Seko;Japan;false
JPN5;Junnosuke Suzuki;Japan;false
JPN6;Shogo Taniguchi;Japan;false
JPN7;Tsuyoshi Watanabe;Japan;false
JPN8;Kaishu Sano;Japan;false
JPN9;Yuki Soma;Japan;false
JPN10;Ao Tanaka;Japan;false
JPN11;Daichi Kamada;Japan;false
JPN12;Takefusa Kubo;Japan;false
JPN13;Team Photo;Japan;true
JPN14;Ritsu Doan;Japan;false
JPN15;Keito Nakamura;Japan;false
JPN16;Takumi Minamino;Japan;false
JPN17;Shuto Machino;Japan;false
JPN18;Junya Ito;Japan;false
JPN19;Koki Ogawa;Japan;false
JPN20;Ayase Ueda;Japan;false
SWE1;Emblem;Sweden;false
SWE2;Victor Johansson;Sweden;false
SWE3;Isak Hien;Sweden;false
SWE4;Gabriel Gudmundsson;Sweden;false
SWE5;Emil Holm;Sweden;false
SWE6;Victor Nilsson Lindelöf;Sweden;false
SWE7;Gustaf Lagerbielke;Sweden;false
SWE8;Lucas Bergvall;Sweden;false
SWE9;Hugo Larsson;Sweden;false
SWE10;Jesper Karlström;Sweden;false
SWE11;Yasin Ayari;Sweden;false
SWE12;Mattias Svanberg;Sweden;false
SWE13;Team Photo;Sweden;true
SWE14;Daniel Svensson;Sweden;false
SWE15;Ken Sema;Sweden;false
SWE16;Roony Bardghji;Sweden;false
SWE17;Dejan Kulusevski;Sweden;false
SWE18;Anthony Elanga;Sweden;false
SWE19;Alexander Isak;Sweden;false
SWE20;Viktor Gyökeres;Sweden;false
TUN1;Emblem;Tunisia;false
TUN2;Bechir Ben Said;Tunisia;false
TUN3;Aymen Dahmen;Tunisia;false
TUN4;Van Valery;Tunisia;false
TUN5;Montassar Talbi;Tunisia;false
TUN6;Yassine Meriah;Tunisia;false
TUN7;Ali Abdi;Tunisia;false
TUN8;Dylan Bronn;Tunisia;false
TUN9;Ellyes Skhiri;Tunisia;false
TUN10;Aissa Laidouni;Tunisia;false
TUN11;Ferjani Sassi;Tunisia;false
TUN12;Mohamed Ali Ben Romdhane;Tunisia;false
TUN13;Team Photo;Tunisia;true
TUN14;Hannibal Mejbri;Tunisia;false
TUN15;Elias Achouri;Tunisia;false
TUN16;Elias Saad;Tunisia;false
TUN17;Hazem Mastouri;Tunisia;false
TUN18;Ismael Gharbi;Tunisia;false
TUN19;Sayfallah Ltaief;Tunisia;false
TUN20;Naim Sliti;Tunisia;false
BEL1;Emblem;Belgium;false
BEL2;Thibaut Courtois;Belgium;false
BEL3;Arthur Theate;Belgium;false
BEL4;Timothy Castagne;Belgium;false
BEL5;Zeno Debast;Belgium;false
BEL6;Brandon Mechele;Belgium;false
BEL7;Maxim De Cuyper;Belgium;false
BEL8;Thomas Meunier;Belgium;false
BEL9;Youri Tielemans;Belgium;false
BEL10;Amadou Onana;Belgium;false
BEL11;Nicolas Raskin;Belgium;false
BEL12;Alexis Saelemaekers;Belgium;false
BEL13;Team Photo;Belgium;true
BEL14;Hans Vanaken;Belgium;false
BEL15;Kevin De Bruyne;Belgium;false
BEL16;Jérémy Doku;Belgium;false
BEL17;Charles De Ketelaere;Belgium;false
BEL18;Leandro Trossard;Belgium;false
BEL19;Loïs Openda;Belgium;false
BEL20;Romelu Lukaku;Belgium;false
EGY1;Emblem;Egypt;false
EGY2;Mohamed El Shenawy;Egypt;false
EGY3;Mohamed Hany;Egypt;false
EGY4;Mohamed Hamdy;Egypt;false
EGY5;Yasser Ibrahim;Egypt;false
EGY6;Khaled Sobhi;Egypt;false
EGY7;Ramy Rabia;Egypt;false
EGY8;Hossam Abdelmaguid;Egypt;false
EGY9;Ahmed Fatouh;Egypt;false
EGY10;Marwan Attia;Egypt;false
EGY11;Zizo;Egypt;false
EGY12;Hamdy Fathy;Egypt;false
EGY13;Team Photo;Egypt;true
EGY14;Mohamed Lasheen;Egypt;false
EGY15;Emam Ashour;Egypt;false
EGY16;Osama Faisal;Egypt;false
EGY17;Mohamed Salah;Egypt;false
EGY18;Mostafa Mohamed;Egypt;false
EGY19;Trezeguet;Egypt;false
EGY20;Omar Marsmoush;Egypt;false
IRN1;Emblem;Iran;false
IRN2;Alirez Beiranvand;Iran;false
IRN3;Morteza Pouraliganji;Iran;false
IRN4;Ehsan Hajsafi;Iran;false
IRN5;Milad Mohammadi;Iran;false
IRN6;Shojae Khalilzadeh;Iran;false
IRN7;Ramin Rezaeian;Iran;false
IRN8;Hossein Kanaani;Iran;false
IRN9;Sadegh Moharrami;Iran;false
IRN10;Saleh Hardani;Iran;false
IRN11;Saeed Ezatolahi;Iran;false
IRN12;Saman Ghoddos;Iran;false
IRN13;Team Photo;Iran;true
IRN14;Omid Noorafkan;Iran;false
IRN15;Roozbeh Cheshmi;Iran;false
IRN16;Mohammad Mohebi;Iran;false
IRN17;Sardar Azmoun;Iran;false
IRN18;Mehdi Taremi;Iran;false
IRN19;Alireza Jahanbakhsh;Iran;false
IRN20;Ali Gholizadeh;Iran;false
NZL1;Emblem;New Zealand;false
NZL2;Max Crocombe Payne;New Zealand;false
NZL3;Alex Paulsen;New Zealand;false
NZL4;Michael Boxall;New Zealand;false
NZL5;Liberato Cacace;New Zealand;false
NZL6;Tim Payne;New Zealand;false
NZL7;Tyler Bindon;New Zealand;false
NZL8;Francis de Vries;New Zealand;false
NZL9;Finn Surman;New Zealand;false
NZL10;Joe Bell;New Zealand;false
NZL11;Sarpreet Singh;New Zealand;false
NZL12;Ryan Thomas;New Zealand;false
NZL13;Team Photo;New Zealand;true
NZL14;Matthew Garbett;New Zealand;false
NZL15;Marko Stameni?;New Zealand;false
NZL16;Ben Old;New Zealand;false
NZL17;Chris Wood;New Zealand;false
NZL18;Elijah Just;New Zealand;false
NZL19;Callum McCowatt;New Zealand;false
NZL20;Kosta Barbarouses;New Zealand;false
ESP1;Emblem;Spain;false
ESP2;Unai Simon;Spain;false
ESP3;Robin Le Normand;Spain;false
ESP4;Aymeric Laporte;Spain;false
ESP5;Dean Huijsen;Spain;false
ESP6;Pedro Porro;Spain;false
ESP7;Dani Carvajal;Spain;false
ESP8;Marc Cucurella;Spain;false
ESP9;Martín Zubimendi;Spain;false
ESP10;Rodri;Spain;false
ESP11;Pedri;Spain;false
ESP12;Fabian Ruiz;Spain;false
ESP13;Team Photo;Spain;true
ESP14;Mikel Merino;Spain;false
ESP15;Lamine Yamal;Spain;false
ESP16;Dani Olmo;Spain;false
ESP17;Nico Williams;Spain;false
ESP18;Ferran Torres;Spain;false
ESP19;Álvaro Morata;Spain;false
ESP20;Mikel Oyarzabal;Spain;false
CPV1;Emblem;Cape Verde;false
CPV2;Vozinha;Cape Verde;false
CPV3;Logan Costa;Cape Verde;false
CPV4;Pico;Cape Verde;false
CPV5;Diney;Cape Verde;false
CPV6;Steven Moreira;Cape Verde;false
CPV7;Wagner Pina;Cape Verde;false
CPV8;Joao Paulo;Cape Verde;false
CPV9;Yannick Semedo;Cape Verde;false
CPV10;Kevin Pina;Cape Verde;false
CPV11;Patrick Andrade;Cape Verde;false
CPV12;Jamiro Monteiro;Cape Verde;false
CPV13;Team Photo;Cape Verde;true
CPV14;Deroy Duarte;Cape Verde;false
CPV15;Garry Rodrigues;Cape Verde;false
CPV16;Jovane Cabral;Cape Verde;false
CPV17;Ryan Mendes;Cape Verde;false
CPV18;Dailon Livramento;Cape Verde;false
CPV19;Willy Semedo;Cape Verde;false
CPV20;Bebe;Cape Verde;false
KSA1;Emblem;Saudi Arabia;false
KSA2;Nawaf Alaqidi;Saudi Arabia;false
KSA3;Abdulrahman Al-Sanbi;Saudi Arabia;false
KSA4;Saud Abdulhamid;Saudi Arabia;false
KSA5;Nawaf Bouwashl;Saudi Arabia;false
KSA6;Jihad Thakri;Saudi Arabia;false
KSA7;Moteb Al-Harbi;Saudi Arabia;false
KSA8;Hassan Altambakti;Saudi Arabia;false
KSA9;Musab Aljuwayr;Saudi Arabia;false
KSA10;Ziyad Aljohani;Saudi Arabia;false
KSA11;Abdullah Alkhaibari;Saudi Arabia;false
KSA12;Nasser Aldawsari;Saudi Arabia;false
KSA13;Team Photo;Saudi Arabia;true
KSA14;Saleh Abu Alshamat;Saudi Arabia;false
KSA15;Marwan Alsahafi;Saudi Arabia;false
KSA16;Salem Aldawsari;Saudi Arabia;false
KSA17;Abdulrahman Al-Aboud;Saudi Arabia;false
KSA18;Feras Akbrikan;Saudi Arabia;false
KSA19;Saleh Alshehri;Saudi Arabia;false
KSA20;Abdullah Al-Hamdan;Saudi Arabia;false
URU1;Emblem;Uruguay;false
URU2;Sergio Rochet;Uruguay;false
URU3;Santiago Mele;Uruguay;false
URU4;Ronald Araujo;Uruguay;false
URU5;José María Giménez;Uruguay;false
URU6;Sebastian Caceres;Uruguay;false
URU7;Mathias Olivera;Uruguay;false
URU8;Guillermo Varela;Uruguay;false
URU9;Nahitan Nandez;Uruguay;false
URU10;Federico Valverde;Uruguay;false
URU11;Giorgian De Arrascaeta;Uruguay;false
URU12;Rodrigo Bentancur;Uruguay;false
URU13;Team Photo;Uruguay;true
URU14;Manuel Ugarte;Uruguay;false
URU15;Nicolás de la Cruz;Uruguay;false
URU16;Maxi Araujo;Uruguay;false
URU17;Darwin Núñez;Uruguay;false
URU18;Federico Viñas;Uruguay;false
URU19;Rodrigo Aguirre;Uruguay;false
URU20;Facundo Pellistri;Uruguay;false
FRA1;Emblem;France;false
FRA2;Mike Maignan;France;false
FRA3;Theo Hernandez;France;false
FRA4;William Saliba;France;false
FRA5;Jules Kounde;France;false
FRA6;Ibrahima Konate;France;false
FRA7;Dayot Upamecano;France;false
FRA8;Lucas Digne;France;false
FRA9;Aurélien Tchouaméni;France;false
FRA10;Eduardo Camavinga;France;false
FRA11;Manu Kone;France;false
FRA12;Adrien Rabiot;France;false
FRA13;Team Photo;France;true
FRA14;Michael Olise;France;false
FRA15;Ousmane Dembele;France;false
FRA16;Bradley Barcola;France;false
FRA17;Désiré Doué;France;false
FRA18;Kingsley Coman;France;false
FRA19;Hugo Ekitike;France;false
FRA20;Kylian Mbappe;France;false
SEN1;Emblem;Senegal;false
SEN2;Eduardo Mendy;Senegal;false
SEN3;Yehvann Diouf;Senegal;false
SEN4;Moussa Niakhaté;Senegal;false
SEN5;Abdoulaye Seck;Senegal;false
SEN6;Ismail Jakobs;Senegal;false
SEN7;El Hadji Malick Diouf;Senegal;false
SEN8;Kalidou Koulibaly;Senegal;false
SEN9;Idrissa Gana Gueye;Senegal;false
SEN10;Pape Matar Sarr;Senegal;false
SEN11;Pape Gueye;Senegal;false
SEN12;Habib Diarra;Senegal;false
SEN13;Team Photo;Senegal;true
SEN14;Lamine Camara;Senegal;false
SEN15;Sadio Mane;Senegal;false
SEN16;Ismaïla Sarr;Senegal;false
SEN17;Boulaye Dia;Senegal;false
SEN18;Iliman Ndiaye;Senegal;false
SEN19;Nicolas Jackson;Senegal;false
SEN20;Krepin Diatta;Senegal;false
IRQ1;Emblem;Iraq;false
IRQ2;Jalal Hassan;Iraq;false
IRQ3;Rebin Sulaka;Iraq;false
IRQ4;Hussein Ali;Iraq;false
IRQ5;Akam Hashem;Iraq;false
IRQ6;Merchas Doski;Iraq;false
IRQ7;Zaid Tahseen;Iraq;false
IRQ8;Manaf Younis;Iraq;false
IRQ9;Zidane Iqbal;Iraq;false
IRQ10;Amir Al-Ammari;Iraq;false
IRQ11;Ibrahim Bavesh;Iraq;false
IRQ12;Ali Jasim;Iraq;false
IRQ13;Team Photo;Iraq;true
IRQ14;Youssef Amyn;Iraq;false
IRQ15;Aimar Sher;Iraq;false
IRQ16;Marko Farji;Iraq;false
IRQ17;Osama Rashid;Iraq;false
IRQ18;Ali Al-Hamadi;Iraq;false
IRQ19;Aymen Hussein;Iraq;false
IRQ20;Mohanad Ali;Iraq;false
NOR1;Emblem;Norway;false
NOR2;Orjan Nyland;Norway;false
NOR3;Julian Ryerson;Norway;false
NOR4;Leo Ostigård;Norway;false
NOR5;Kristoffer Vassbakk Ajer;Norway;false
NOR6;Marcus Holmgren Pedersen;Norway;false
NOR7;David Møller Wolfe;Norway;false
NOR8;Torbjørn Heggem;Norway;false
NOR9;Morten Thorsby;Norway;false
NOR10;Martin Ødegaard;Norway;false
NOR11;Sander Berge;Norway;false
NOR12;Andreas Schjelderup;Norway;false
NOR13;Team Photo;Norway;true
NOR14;Patrick Berg;Norway;false
NOR15;Erling Haaland;Norway;false
NOR16;Alexander Sørloth;Norway;false
NOR17;Aron Dønnum;Norway;false
NOR18;Jorgen Strand Larsen;Norway;false
NOR19;Antonio Nusa;Norway;false
NOR20;Oscar Bobb;Norway;false
ARG1;Emblem;Argentina;false
ARG2;Emiliano Martinez;Argentina;false
ARG3;Nahuel Molina;Argentina;false
ARG4;Cristian Romero;Argentina;false
ARG5;Nicolas Otamendi;Argentina;false
ARG6;Nicolas Tagliafico;Argentina;false
ARG7;Leonardo Balerdi;Argentina;false
ARG8;Enzo Fernandez;Argentina;false
ARG9;Alexis Mac Allister;Argentina;false
ARG10;Rodrigo De Paul;Argentina;false
ARG11;Exequiel Palacios;Argentina;false
ARG12;Leandro Paredes;Argentina;false
ARG13;Team Photo;Argentina;true
ARG14;Nico Paz;Argentina;false
ARG15;Franco Mastantuono;Argentina;false
ARG16;Nico Gonzalez;Argentina;false
ARG17;Lionel Messi;Argentina;false
ARG18;Lautaro Martinez;Argentina;false
ARG19;Julian Alvarez;Argentina;false
ARG20;Giuliano Simeone;Argentina;false
ALG1;Emblem;Algeria;false
ALG2;Alexis Guendouz;Algeria;false
ALG3;Ramy Bensebaini;Algeria;false
ALG4;Youcef Atal;Algeria;false
ALG5;Rayan Aït-Nouri;Algeria;false
ALG6;Mohamed Amine Tougai;Algeria;false
ALG7;Aïssa Mandi;Algeria;false
ALG8;Ismael Bennacer;Algeria;false
ALG9;Houssem Aquar;Algeria;false
ALG10;Hicham Boudaoui;Algeria;false
ALG11;Ramiz Zerrouki;Algeria;false
ALG12;Nabil Bentalab;Algeria;false
ALG13;Team Photo;Algeria;true
ALG14;Farés Chaibi;Algeria;false
ALG15;Riyad Mahrez;Algeria;false
ALG16;Said Benrahma;Algeria;false
ALG17;Anis Hadj Moussa;Algeria;false
ALG18;Amine Gouiri;Algeria;false
ALG19;Baghdad Bounedjah;Algeria;false
ALG20;Mohammed Amoura;Algeria;false
AUT1;Emblem;Austria;false
AUT2;Alexander Schlager;Austria;false
AUT3;Patrick Pentz;Austria;false
AUT4;David Alaba;Austria;false
AUT5;Kevin Danso;Austria;false
AUT6;Philipp Lienhart;Austria;false
AUT7;Stefan Posch;Austria;false
AUT8;Phillipp Mwene;Austria;false
AUT9;Alexander Prass;Austria;false
AUT10;Xavier Schlager;Austria;false
AUT11;Marcel Sabitzer;Austria;false
AUT12;Konrad Laimer;Austria;false
AUT13;Team Photo;Austria;true
AUT14;Florian Grillitsch;Austria;false
AUT15;Nicolas Seiwald;Austria;false
AUT16;Romano Schmid;Austria;false
AUT17;Patrick Wimmer;Austria;false
AUT18;Christoph Baumgartner;Austria;false
AUT19;Michael Gregoritsch;Austria;false
AUT20;Marko Arnautovi?;Austria;false
JOR1;Emblem;Jordan;false
JOR2;Yazeed Abulaila;Jordan;false
JOR3;Ihsan Haddad;Jordan;false
JOR4;Mohammad Abu Hashish;Jordan;false
JOR5;Yazan Al-Arab;Jordan;false
JOR6;Abdallah Nasib;Jordan;false
JOR7;Saleem Obaid;Jordan;false
JOR8;Mohammad Abualnadi;Jordan;false
JOR9;Ibrahim Saadeh;Jordan;false
JOR10;Nizar Al-Rashdan;Jordan;false
JOR11;Noor Al-Rawabdeh;Jordan;false
JOR12;Mohannad Abu Taha;Jordan;false
JOR13;Team Photo;Jordan;true
JOR14;Amer Jamous;Jordan;false
JOR15;Musa Al-Taamari;Jordan;false
JOR16;Yazan Al-Naimat;Jordan;false
JOR17;Mahmoud Al-Mardi;Jordan;false
JOR18;Ali Olwan;Jordan;false
JOR19;Mohammad Abu Zrayq;Jordan;false
JOR20;Ibrahim Sabra;Jordan;false
POR1;Emblem;Portugal;false
POR2;Diogo Costa;Portugal;false
POR3;Jose Sa;Portugal;false
POR4;Ruben Dias;Portugal;false
POR5;João Cancelo;Portugal;false
POR6;Diogo Dalot;Portugal;false
POR7;Nuno Mendes;Portugal;false
POR8;Gonçalo Inácio;Portugal;false
POR9;Bernardo Silva;Portugal;false
POR10;Bruno Fernandes;Portugal;false
POR11;Ruben Neves;Portugal;false
POR12;Vitinha;Portugal;false
POR13;Team Photo;Portugal;true
POR14;João Neves;Portugal;false
POR15;Cristiano Ronaldo;Portugal;false
POR16;Francisco Trincao;Portugal;false
POR17;João Felix;Portugal;false
POR18;Gonçalo Ramos;Portugal;false
POR19;Pedro Neto;Portugal;false
POR20;Rafael Leão;Portugal;false
COD1;Emblem;Congo DR;false
COD2;Lionel Mpasi;Congo DR;false
COD3;Aaron Wan-Bissaka;Congo DR;false
COD4;Axel Tuanzebe;Congo DR;false
COD5;Arthur Masuaku;Congo DR;false
COD6;Chancel Mbemba;Congo DR;false
COD7;Joris Kayembe;Congo DR;false
COD8;Charles Pickel;Congo DR;false
COD9;Ngal'ayel Mukau;Congo DR;false
COD10;Edo Kayembe;Congo DR;false
COD11;Samuel Moutoussamy;Congo DR;false
COD12;Noah Sadiki;Congo DR;false
COD13;Team Photo;Congo DR;true
COD14;Théo Bongonda;Congo DR;false
COD15;Meschak Elia;Congo DR;false
COD16;Yoane Wissa;Congo DR;false
COD17;Brian Cipenga;Congo DR;false
COD18;Fiston Mayele;Congo DR;false
COD19;Cédric Bakambu;Congo DR;false
COD20;Nathanaël Mbuku;Congo DR;false
UZB1;Emblem;Uzbekistan;false
UZB2;Utkir Yusupov;Uzbekistan;false
UZB3;Farrukh Savfiev;Uzbekistan;false
UZB4;Sherzod Nasrullaev;Uzbekistan;false
UZB5;Umar Eshmurodov;Uzbekistan;false
UZB6;Husniddin Aliqulov;Uzbekistan;false
UZB7;Rustamjon Ashurmatov;Uzbekistan;false
UZB8;Khojiakbar Alijonov;Uzbekistan;false
UZB9;Abdukodir Khusanov;Uzbekistan;false
UZB10;Odiljon Hamrobekov;Uzbekistan;false
UZB11;Otabek Shukurov;Uzbekistan;false
UZB12;Jamshid Iskanderov;Uzbekistan;false
UZB13;Team Photo;Uzbekistan;true
UZB14;Azizbek Turgunboev;Uzbekistan;false
UZB15;Khojimat Erkinov;Uzbekistan;false
UZB16;Eldor Shomurodov;Uzbekistan;false
UZB17;Oston Urunov;Uzbekistan;false
UZB18;Jaloliddin Masharipov;Uzbekistan;false
UZB19;Igor Sergeev;Uzbekistan;false
UZB20;Abbosbek Fayzullaev;Uzbekistan;false
COL1;Emblem;Colombia;false
COL2;Camilo Vargas;Colombia;false
COL3;David Ospina;Colombia;false
COL4;Dávinson Sánchez;Colombia;false
COL5;Yerry Mina;Colombia;false
COL6;Daniel Muñoz;Colombia;false
COL7;Johan Mojica;Colombia;false
COL8;Jhon Lucumí;Colombia;false
COL9;Santiago Arias;Colombia;false
COL10;Jefferson Lerma;Colombia;false
COL11;Kevin Castaño;Colombia;false
COL12;Richard Rios;Colombia;false
COL13;Team Photo;Colombia;true
COL14;James Rodriguez;Colombia;false
COL15;Juan Fernando Quintero;Colombia;false
COL16;Jorge Carrascal;Colombia;false
COL17;Jhon Arias;Colombia;false
COL18;Jhon Córdoba;Colombia;false
COL19;Luis Suárez;Colombia;false
COL20;Luis Díaz;Colombia;false
ENG1;Emblem;England;false
ENG2;Jordan Pickford;England;false
ENG3;John Stones;England;false
ENG4;Marc Guéhi;England;false
ENG5;Ezri Konsa;England;false
ENG6;Trent Alexander-Arnold;England;false
ENG7;Reece James;England;false
ENG8;Dan Burn;England;false
ENG9;Jordan Henderson;England;false
ENG10;Declan Rice;England;false
ENG11;Jude Bellingham;England;false
ENG12;Cole Palmer;England;false
ENG13;Team Photo;England;true
ENG14;Morgan Rogers;England;false
ENG15;Anthony Gordon;England;false
ENG16;Phil Foden;England;false
ENG17;Bukayo Saka;England;false
ENG18;Harry Kane;England;false
ENG19;Marcus Rashford;England;false
ENG20;Ollie Watkins;England;false
CRO1;Emblem;Croatia;false
CRO2;Dominik Livakovi?;Croatia;false
CRO3;Duje Caleta-Car;Croatia;false
CRO4;Josko Gvardiol;Croatia;false
CRO5;Josip Stanii?;Croatia;false
CRO6;Luka Vukovi?;Croatia;false
CRO7;Josip Sutalo;Croatia;false
CRO8;Kristijan Jakic;Croatia;false
CRO9;Luka Modri?;Croatia;false
CRO10;Mateo Kovacic;Croatia;false
CRO11;Martin Baturina;Croatia;false
CRO12;Lovro Majer;Croatia;false
CRO13;Team Photo;Croatia;true
CRO14;Mario Pasalic;Croatia;false
CRO15;Petar Sucic;Croatia;false
CRO16;Ivan Perii?;Croatia;false
CRO17;Marco Pasalic;Croatia;false
CRO18;Ante Budimir;Croatia;false
CRO19;Andrej Kramari?;Croatia;false
CRO20;Franjo Ivanovic;Croatia;false
GHA1;Emblem;Ghana;false
GHA2;Lawrence Ati Zigi;Ghana;false
GHA3;Tariq Lamptey;Ghana;false
GHA4;Mohammed Salisu;Ghana;false
GHA5;Alidu Seidu;Ghana;false
GHA6;Alexander Djiku;Ghana;false
GHA7;Gideon Mensah;Ghana;false
GHA8;Caleb Yirenkyi;Ghana;false
GHA9;Abdul Issahaku Fatawu;Ghana;false
GHA10;Thomas Partey;Ghana;false
GHA11;Salis Abdul Samed;Ghana;false
GHA12;Kamaldeen Sulemana;Ghana;false
GHA13;Team Photo;Ghana;true
GHA14;Mohammed Kudus;Ghana;false
GHA15;Inaki Williams;Ghana;false
GHA16;Jordan Ayew;Ghana;false
GHA17;Andrew Ayew;Ghana;false
GHA18;Joseph Paintsil;Ghana;false
GHA19;Osman Bukari;Ghana;false
GHA20;Antoine Semenyo;Ghana;false
PAN1;Emblem;Panama;false
PAN2;Orlando Mosquera;Panama;false
PAN3;Luis Mejia;Panama;false
PAN4;Fidel Escobar;Panama;false
PAN5;Andres Andrade;Panama;false
PAN6;Michael Amir Murillo;Panama;false
PAN7;Eric Davis;Panama;false
PAN8;Jose Cordoba;Panama;false
PAN9;Cesar Blackman;Panama;false
PAN10;Cristian Martinez;Panama;false
PAN11;Aníbal Godoy;Panama;false
PAN12;Adalberto Carrasquilla;Panama;false
PAN13;Team Photo;Panama;true
PAN14;Édgar Bárcenas;Panama;false
PAN15;Carlos Harvey;Panama;false
PAN16;Ismael Díaz;Panama;false
PAN17;Jose Fajardo;Panama;false
PAN18;Cecilio Waterman;Panama;false
PAN19;Jose Luiz Rodriguez;Panama;false
PAN20;Alberto Quintero;Panama;false
FWC9;Italy 1934;FIFA World Cup History;true
FWC10;Uruguay 1950;FIFA World Cup History;true
FWC11;West Germany 1954;FIFA World Cup History;true
FWC12;Brazil 1962;FIFA World Cup History;true
FWC13;West Germany 1974;FIFA World Cup History;true
FWC14;Argentina 1986;FIFA World Cup History;true
FWC15;Brazil 1994;FIFA World Cup History;true
FWC16;Brazil 2002;FIFA World Cup History;true
FWC17;Italy 2006;FIFA World Cup History;true
FWC18;Germany 2014;FIFA World Cup History;true
FWC19;Argentina 2022;FIFA World Cup History;true
